<?xml version="1.0" encoding="UTF-8" standalone="no"?>
<!--
Copyright 2015 IBM Corp.

Licensed under the Apache License, Version 2.0 (the "License");
you may not use this file except in compliance with the License.
You may obtain a copy of the License at

http://www.apache.org/licenses/LICENSE-2.0

Unless required by applicable law or agreed to in writing, software
distributed under the License is distributed on an "AS IS" BASIS,
WITHOUT WARRANTIES OR CONDITIONS OF ANY KIND, either express or implied.
See the License for the specific language governing permissions and
limitations under the License.
--><!-- Attribute "id" must be identical to application folder name --><application xmlns="http://www.worklight.com/application-descriptor" id="HybridStarter" platformVersion="7.1.0.00.20150728-0630">
    <displayName>HybridStarter</displayName>
    <description>HybridStarter</description>
    <author>
        <name>application's author</name>
        <email>application author's e-mail</email>
        <homepage>http://mycompany.com</homepage>
        <copyright>Copyright My Company</copyright>
    </author>
    <mainFile>index.html</mainFile>
    <features/>
    <thumbnailImage>common/images/thumbnail.png</thumbnailImage>
    <iphone bundleId="com.HybridStarter" version="1.0">
        <worklightSettings include="false"/>
        <security>
            <encryptWebResources enabled="false"/>
            <testWebResourcesChecksum enabled="false" ignoreFileExtensions="png, jpg, jpeg, gif, mp4, mp3"/>
        </security>
    </iphone>
       <ipad bundleId="com.HybridStarter" version="1.0">
        <worklightSettings include="false"/>
        <security>
            <encryptWebResources enabled="false"/>
            <testWebResourcesChecksum enabled="false" ignoreFileExtensions="png, jpg, jpeg, gif, mp4, mp3"/>
        </security>
    </ipad>
    <android version="1.0">
        <worklightSettings include="false"/>
        <security>
            <encryptWebResources enabled="false"/>
            <testWebResourcesChecksum enabled="false" ignoreFileExtensions="png, jpg, jpeg, gif, mp4, mp3"/>
            <publicSigningKey/>
            <packageName>Replace this text with the actual package name of the application, which is the value of the 'package' attribute in the 'manifest' element in AndroidManifest.xml file.</packageName>
        </security>
    </android>
    
    <blackberry10 version="1.0"/>
    <windowsPhone8 version="1.0">
        <uuid>87ff6058-3209-433f-8604-5457633b5bfa</uuid>
    </windowsPhone8>
    <mobileWebApp cacheManifest="no-use"/>
    <windows8 version="1.0">
        <uuid>ff1a9379-5361-41f6-ad64-0ed28a28dfd5</uuid>
    </windows8>
    <desktopBrowser cacheManifest="no-use"/>
<windowsphoneuniversal version="1.0">
        <uuid>98a1794d-2cd0-48eb-a066-63084e79fb71</uuid>
    </windowsphoneuniversal>
</application>
